trans_x	trans_y	trans_z	rot_x	rot_y	rot_z	dvars_std	dvars_nstd	dvars_vstd	framewise_displacement	aqi	aor
0.0	-0.0	0.0	-0.0	0.0	-0.0	n/a	n/a	n/a	n/a	0.0560712	0.0474
0.0041	-0.0168	-0.0034	0.00042236967898262774	1.5707963267948964e-05	8.37758040957278e-05	1.04823637	47.43659592	1.00657706	0.05039267231731522	0.0539253	0.03696
0.0029	0.0006	-0.0081	0.0004991641660703782	-6.806784082777885e-05	0.0001186823891356144	1.00348425	45.41139984	0.96687941	0.03307384381116825	0.052821	0.03477
0.0029	0.0185	-0.0025	0.0005235987755982988	-6.108652381980153e-05	0.00012217304763960306	0.93775553	42.4369278	0.94297624	0.02524532925199433	0.0522111	0.03478
0.0032	0.0182	0.0005	0.0005462880558742252	-2.268928027592628e-05	0.00012042771838760874	0.91672784	41.48534775	0.92815605	0.006741592653589796	0.0525216	0.03436
0.0011	0.0188	-0.0013	0.0004747295565424576	-2.268928027592628e-05	0.00017453292519943296	0.94537169	42.78158951	0.93584258	0.010783185307179591	0.0526119	0.03442
-0.0041	0.0432	0.0223	0.0004677482395344803	8.028514559173915e-05	6.283185307179586e-05	0.96119076	43.49745941	0.95671662	0.064282840750164	0.0535203	0.03717
0.0075	0.1324	0.0297	0.0011536626355682519	0.0005585053606381855	0.00015533430342749534	1.19068778	53.88305283	1.10318947	0.17103185307179583	0.0555801	0.04344
0.0117	-0.0502	0.0015	0.001635373509118687	0.0006108652381980154	0.0002705260340591211	1.34082234	60.67720032	1.17581858	0.24746312408709453	0.0511326	0.02796
0.0103	-0.3112	-0.0316	0.0017994344588061536	0.00039095375244672985	0.0001937315469713706	1.59652638	72.24876404	1.37684798	0.3185383461263251	0.0519285	0.02945
0.0123	-0.2673	-0.023	0.0016807520696705393	0.00031415926535897925	0.0001658062789394613	0.97674012	44.2011261	0.96945818	0.06567010721276371	0.051798	0.02879
0.0164	-0.0749	0.01	0.002165953601724963	0.00048171087355043494	0.00019896753472735358	1.37210047	62.09265518	1.19245531	0.26379571980168853	0.0488509	0.02445
0.0176	-0.0404	-0.0311	0.003164281933865719	0.0005759586531581287	0.00032637657012293966	1.35803449	61.45611572	1.11820915	0.1377992573572018	0.0457141	0.02073
0.0104	0.0723	0.1536	0.008857545953871221	0.0011780972450961724	-1.2217304763960308e-05	2.40800476	108.97118378	1.79103264	0.6362998243415223	0.0545622	0.03708
0.0098	-0.0877	0.3422	0.009000662952534759	0.0016231562043547262	-0.00020943951023931956	2.37030697	107.26522064	1.83390825	0.3884699081698725	0.0724416	0.07953
0.0241	-0.4695	0.2366	0.004902629868852071	0.0016632987771505957	0.0002565634000431664	2.37610888	107.527771	1.77508608	0.7319089283380522	0.0719497	0.06881
0.0424	-0.4027	0.1344	0.0038327430373795474	0.0017558012275062952	0.0006544984694978735	1.23522866	55.89869308	1.15484633	0.2653162175641465	0.0642261	0.04943
0.0382	-0.3936	0.1024	0.003981096023799066	0.0015847589608108511	0.0005270894341022875	1.03865945	47.00320816	1.01319519	0.06764021442552742	0.0618607	0.04323
0.0372	-0.2975	0.1011	0.004174827570770436	0.0014381513036433276	0.000445058959258554	1.08503795	49.102005	1.03448279	0.11951848394913137	0.0584168	0.03435
0.0338	-0.203	0.1022	0.004197516851046362	0.0012723450247038664	0.0003193952531149623	1.08675623	49.17976761	1.02399391	0.11470796326794892	0.0561295	0.03037
0.0276	-0.1676	0.0888	0.004136430327226561	0.0011152653920243766	0.00015707963267948963	1.06727803	48.2983017	1.01304519	0.0740240888467382	0.0552343	0.0293
0.0254	-0.1168	0.0683	0.004143411644234539	0.0011466813185602744	9.250245035569947e-05	1.03905916	47.02129364	1.00583835	0.0786487212933833	0.0533702	0.02719
0.0272	-0.118	0.0581	0.0042167154728183	0.001129228026040331	0.00019024088846738194	0.99766105	45.14787674	0.9874842	0.02262477796076937	0.0522392	0.02461
0.0272	-0.1378	0.0463	0.004080579791162742	0.0010629055144645468	0.0002181661564992912	1.00055873	45.27900696	0.99093982	0.0431191730631626	0.051024	0.02225
0.0232	-0.1661	0.0231	0.0038798669271833948	0.0010297442586766543	0.0001884955592153876	0.96422994	43.63499451	0.96527755	0.06867723585255717	0.0501925	0.02095
0.0213	-0.1711	-0.0097	0.0038048177693476384	0.0011065387457644049	0.0002199114857512855	0.98549843	44.59747314	0.9770748	0.04886297857297024	0.0485989	0.01882
0.011	-0.1693	0.0102	0.003895574890451344	0.0011082840750163993	-3.141592653589793e-05	0.99435431	44.9982338	0.98122608	0.049191493132144166	0.0480661	0.01845
0.0139	-0.1873	0.0194	0.003979350694547071	0.001308996938995747	0.00010995574287564276	0.99732572	45.13270187	0.98743819	0.05139301687433078	0.0491185	0.01955
0.0079	-0.348	0.0004	0.003637266161156183	0.0011536626355682519	8.726646259971648e-05	1.24789453	56.47187424	1.13561163	0.21170540585471548	0.0516694	0.0242
0.0089	-0.2787	-0.0129	0.0035465090400524776	0.0010349802464326373	0.0002129301687433082	0.99031836	44.81559372	0.97268384	0.10035516081914556	0.0487205	0.02048
0.0042	-0.1833	-0.02	0.00364424747816416	0.0009930923443847736	0.00020769418098732522	1.06123137	48.02467346	0.99029104	0.11444311639577644	0.0450087	0.01621
-0.0007	-0.0842	-0.0395	0.003687880709464018	0.0009023352232810684	0.00020594885173533088	1.06859481	48.3578949	1.00128971	0.13030678408277788	0.0421445	0.01384
-0.0049	-0.0236	-0.0506	0.003639011490408177	0.0008639379797371932	0.00015009831567151235	0.96308589	43.58322144	0.95055287	0.08305584993317673	0.0410529	0.01429
-0.0062	0.0058	-0.0521	0.0036896260387160127	0.0008499753457212384	0.00011170107212763708	0.94270003	42.66068649	0.93711861	0.0373487212933833	0.0405897	0.01468
-0.0053	0.0211	-0.0589	0.003787364476827695	0.0008482300164692441	0.00013439035240356338	0.97388256	44.07181168	0.94329781	0.029108652381980148	0.0402138	0.01424
-0.008	0.0057	-0.0568	0.0037245326237558994	0.0007819075048934597	9.773843811168246e-05	0.95579606	43.25333023	0.94529221	0.02849031394697305	0.0397761	0.01392
-0.0124	-0.0371	-0.0466	0.003707079331235956	0.000778416846389471	-1.0471975511965975e-05	0.94040442	42.55680084	0.93816124	0.06385771823237903	0.0400786	0.01338
-0.0304	0.0363	-0.0102	0.003572688978832392	0.0008970992355250854	-0.0004136430327226561	1.14232671	51.69453812	1.05325876	0.1606121899374934	0.0420659	0.01649
-0.0358	-0.0645	-0.0386	0.003911282853719292	0.000879645943005142	-0.0004886921905584122	1.18866718	53.79161453	1.079264	0.15615481626212996	0.0390297	0.01117
-0.0466	-0.3547	-0.0578	0.004057890510886817	0.0006824237375297829	-0.0006161012259539982	1.67308378	75.71327209	1.403005	0.3437619449019236	0.0429397	0.01696
-0.0526	-0.3221	-0.0515	0.003975860036043083	0.0005235987755982988	-0.0007696902001294993	1.00787354	45.61002731	0.97695193	0.06462222054753598	0.0421825	0.01526
-0.053	-0.1449	-0.03	0.00409977841293468	0.000705113017805709	-0.0007592182246175333	1.29532146	58.61811829	1.14875983	0.2148952297305486	0.0375943	0.01063
-0.0569	-0.2053	-0.0704	0.004382521751757761	0.0006300638599699529	-0.0007906341511534313	1.05612278	47.79348755	0.99874225	0.1241604211597368	0.0361445	0.00865
-0.0584	-0.1257	-0.0786	0.004368559117741807	0.0004537856055185257	-0.0007941248096574199	1.02025211	46.17020798	0.97375781	0.09898657734856851	0.0345373	0.00774
-0.0598	0.0074	-0.09	0.004358087142229841	0.00037524578917878077	-0.0008464846872172499	1.11434329	50.42818451	1.03241556	0.15296858347057704	0.0331252	0.00827
-0.059	0.0651	-0.1062	0.004441862946325569	0.0003700098014227979	-0.0009250245035569946	1.03139448	46.67444229	0.9828119	0.08307758040957279	0.0332649	0.00861
-0.0588	0.0848	-0.1118	0.004403465702781694	0.00035430183815484887	-0.0009372418083209549	1.00644076	45.54519272	0.97298783	0.02881612557878921	0.0338838	0.00929
-0.058	0.0493	-0.1043	0.004359832471481835	0.0003892084231947355	-0.0008883725892651138	1.01282227	45.83398056	0.97052963	0.05017045176977933	0.033627	0.00827
-0.0637	0.0498	-0.0524	0.004305727264670011	0.0005445427266222308	-0.0010140362954087054	1.0223912	46.26700592	0.98441045	0.0748551608191455	0.03621	0.00999
-0.0642	-0.0431	-0.0768	0.004424409653805625	0.0006440264939859076	-0.0009302604913129776	1.13699734	51.45336533	1.04312881	0.1328970980297509	0.0341282	0.00683
-0.0648	-0.3029	-0.1076	0.0045204027626653135	0.0005393067388662478	-0.0009337511498169664	1.56074643	70.62958527	1.31639147	0.3014101761241669	0.0367089	0.00927
-0.0607	-0.3034	-0.1016	0.004612905213021013	0.00048520153205442357	-0.0009023352232810684	0.94117409	42.59163284	0.95134018	0.01950117918517108	0.0374992	0.00966
-0.0651	-0.2028	-0.0674	0.004590215932745087	0.0005427973973702365	-0.0009983283321407565	1.10124719	49.83553314	1.02400059	0.14801391272257133	0.0355972	0.00766
-0.0668	-0.1047	-0.0814	0.004434881629317591	0.0006038839211900379	-0.0009372418083209549	1.13771641	51.48590088	1.05550966	0.12767536755335493	0.0333183	0.00642
-0.064	-0.165	-0.0995	0.004689699700108763	0.0005305800926062762	-0.0009442231253289323	0.98232341	44.45379257	0.96807564	0.09795516081914557	0.0326107	0.00579
-0.0615	-0.0566	-0.1143	0.004801400772236401	0.00048345620280242926	-0.000879645943005142	1.05696535	47.83161926	0.99212491	0.13687010721276374	0.0309042	0.00503
-0.0601	0.0284	-0.119	0.004775220833456485	0.00046949356878647465	-0.000890117918517108	1.03553092	46.86162949	0.98086576	0.09363072741539176	0.0311316	0.00583
-0.0611	0.1337	-0.0967	0.004740314248416599	0.0006859143960337716	-0.000895353906273091	1.11502063	50.4588356	1.04686035	0.1414281700021583	0.0350881	0.00998
-0.0603	-0.0335	-0.1354	0.004883431247080134	0.000593411945678072	-0.0008325220532012951	1.26458132	57.22701263	1.12232174	0.22162256510455147	0.0303651	0.00464
-0.0542	-0.0789	-0.1389	0.004611159883769018	0.00037524578917878077	-0.0007592182246175333	0.99865144	45.19269562	0.96297875	0.08318706741970845	0.0306064	0.00478
-0.0537	-0.0856	-0.132	0.004251622057858187	0.000317649923862968	-0.0007435102613495844	0.91852963	41.5668869	0.92440898	0.03574208272472963	0.0313827	0.00551
-0.0587	-0.0963	-0.1337	0.004036946559862884	0.0003700098014227979	-0.0008447393579652555	0.94209111	42.63312912	0.93012218	0.035813223608540216	0.0316139	0.00591
-0.0652	-0.0892	-0.1357	0.004101523742186674	0.00041015237421866745	-0.0009704030641088471	0.96987557	43.89048004	0.94805639	0.02711917306316254	0.0313531	0.00572
-0.0723	0.0517	-0.1039	0.004522148091917307	0.0006038839211900379	-0.0012426744274199627	1.26008117	57.02336502	1.12371735	0.224131363000656	0.032406	0.00666
-0.0709	-0.0194	-0.1118	0.00506320016003555	0.0006981317007977319	-0.0012740903539558604	1.13699198	51.45312119	1.04902506	0.11373578871309172	0.0317574	0.00529
-0.0724	-0.3086	-0.1312	0.005124286683855352	0.0005044001538263612	-0.0013107422682477415	1.70204782	77.02400208	1.39768752	0.3246734992541528	0.0330407	0.00706
-0.079	-0.2841	-0.1445	0.005319763560078716	0.000291469985083053	-0.0015254177662430443	0.99311286	44.94205475	0.96658524	0.07555412714809868	0.0313067	0.0049
-0.0814	-0.1631	-0.1459	0.005324999547834699	0.0001012290966156711	-0.0015341444125030156	1.11005592	50.23416519	1.01937603	0.13501017612416683	0.0278733	0.00297
-0.0805	-0.0524	-0.1499	0.0053162729015747276	6.108652381980153e-05	-0.0015760323145508795	1.05113697	47.56785965	0.9919	0.12013785605518525	0.0261162	0.00263
-0.0817	0.0415	-0.158	0.005455899241734273	3.141592653589793e-05	-0.0016318828506146981	1.04025352	47.07534409	0.97471125	0.1144573736753634	0.0259302	0.00289
-0.0845	0.1085	-0.1713	0.005370378108386551	-5.759586531581287e-05	-0.0016510814723866359	1.02369022	46.32579422	0.97519833	0.09278657734856856	0.026702	0.00422
-0.087	0.1112	-0.1812	0.005375614096142535	-9.948376736367679e-05	-0.0016790067404185449	0.94473505	42.7527771	0.93965969	0.018852457891787817	0.0263354	0.00411
-0.0881	0.0735	-0.1895	0.005433209961458348	-0.0001064650843716541	-0.0016842427281745281	0.96060294	43.47085953	0.94444827	0.0505906585039887	0.0256924	0.00305
-0.0905	0.0231	-0.1962	0.0053825954131505125	-0.00020769418098732522	-0.0017156586547104257	0.99239695	44.90965652	0.95662981	0.06866297857297024	0.0250342	0.00249
-0.0914	-0.0397	-0.1936	0.005324999547834699	-0.0002181661564992912	-0.0017348572764823637	0.97220308	43.99580765	0.95289664	0.07066332312998588	0.0246062	0.00208
-0.0906	-0.0896	-0.1919	0.0054663712172462395	-0.0001605702911834783	-0.0017523105690023068	0.94196606	42.62747192	0.93908838	0.06322104136236481	0.0249531	0.00195
-0.0922	-0.1105	-0.1892	0.005595525581893821	-0.0001256637061435917	-0.0017732545200262388	0.94920826	42.95520782	0.93516698	0.03445024503556999	0.0248334	0.0018
-0.0969	-0.0111	-0.1642	0.005890486225480862	0.00018151424220741024	-0.0019355701404617114	1.17914987	53.36091995	1.07059376	0.1673227106186757	0.0245478	0.00185
-0.0947	-0.05	-0.1858	0.006255260039147678	0.000148352986419518	-0.0017610372152622785	1.06236625	48.07602692	1.00820209	0.09132339973270703	0.024574	0.00151
-0.1063	-0.2876	-0.2447	0.006609561877302526	-3.4906585039886588e-06	-0.0018779742751458986	1.51084042	68.37115479	1.27086894	0.3392541271480988	0.0243543	0.00173
-0.109	-0.2619	-0.2607	0.006665412413366345	-0.00019547687622336493	-0.002015855286053451	1.00627756	45.53780746	0.97504696	0.0636858882345374	0.0227302	0.00119
-0.1161	-0.1202	-0.2476	0.00745779189377177	-0.00027925268031909274	-0.0022165681500327986	1.21959734	55.19132233	1.07400445	0.215743407424025	0.0183132	0.00042
-0.1187	0.0145	-0.2603	0.0078103484026746245	-0.0002583087292951608	-0.002305579941884509	1.18213379	53.49595642	1.06549776	0.17312561258892484	0.0171078	0.00029
-0.1143	-0.0421	-0.2896	0.008220500776893291	-0.00032463124087094524	-0.0022497294058206906	1.02436328	46.35625076	0.97351223	0.11691627109291354	0.0157607	0.0001
-0.1162	0.0538	-0.2974	0.008169886228585457	-0.00039095375244672985	-0.002282890661608583	1.08467913	49.08576965	0.99456352	0.11310491578357552	0.0165964	0.00033
-0.1187	0.0717	-0.3105	0.008157668923821495	-0.00040840704496667313	-0.002356194490192345	0.98817915	44.71878433	0.95642723	0.03864872129338338	0.0165626	0.00031
-0.1213	0.0286	-0.3204	0.008443902921148567	-0.00042236967898262774	-0.0023998277214922034	0.98752177	44.68903732	0.95068194	0.0727914931321443	0.0155945	0.00019
-0.1274	-0.0314	-0.3215	0.00853466004225227	-0.00046949356878647465	-0.002466150233067988	1.0047847	45.47024918	0.9581901	0.07741017612416676	0.0143767	0.00017
-0.1354	-0.0389	-0.2808	0.008281587300713093	-0.0003316125578789226	-0.0026529004630313807	0.99358857	44.96358109	0.96202041	0.08508519912050609	0.0145657	9e-05
-0.1318	-0.0578	-0.3132	0.00853466004225227	-0.00026878070480712676	-0.0025987952562195565	1.06456983	48.17574692	1.00623625	0.07340049007113984	0.0141304	9e-05
-0.1351	-0.2956	-0.3405	0.008881980563399144	-0.00048171087355043494	-0.002698279023583233	1.4621402	66.16728973	1.23781592	0.30138672286269286	0.0174237	0.00039
-0.133	-0.2373	-0.3409	0.009060004147102564	-0.0005689773361501514	-0.002673844414055313	0.9650529	43.6722374	0.95215963	0.07528623279155273	0.0151271	0.00017
-0.139	-0.1335	-0.3163	0.00898146433076282	-0.0005201081170943102	-0.002834414705238791	1.06053925	47.99335098	0.98811999	0.14879896632895315	0.0128555	6e-05
-0.1416	-0.0505	-0.3298	0.008997172294030768	-0.0005445427266222308	-0.0028099800957108703	1.05055737	47.54163361	0.98685776	0.1023288591161894	0.0120599	6e-05
-0.1434	-0.0423	-0.3344	0.009414305985257413	-0.00043458698374658803	-0.0027366762671271086	1.02038956	46.17642593	0.95354031	0.04461966313430249	0.01346	0.00042
-0.1456	0.0657	-0.3094	0.009309586230137754	-0.0003525565089028545	-0.002921681167838507	1.16839778	52.87434769	1.05002018	0.15378775653373952	0.014132	0.00019
-0.1434	0.0595	-0.3555	0.009164723902222225	-0.0003647738136668148	-0.0028152160834668534	1.07677662	48.72814941	1.0158113	0.06767723585255712	0.0138809	0.00013
-0.1388	-0.0953	-0.3688	0.00923104641379801	-0.00046949356878647465	-0.0027611108766550296	1.18103349	53.44616318	1.07100291	0.1839573736753634	0.0118173	5e-05
-0.1409	-0.0591	-0.3593	0.00934449281517764	-0.0004921828490624009	-0.0028309240467348025	0.96912682	43.8565979	0.93554433	0.05809744258676648	0.0116251	9e-05
-0.1476	-0.0008	-0.3416	0.009318312876397726	-0.000450294947014537	-0.002939134460358451	1.0442245	47.25504684	0.97213424	0.09151391272257133	0.0120944	7e-05
-0.1465	-0.1523	-0.3612	0.00946492053356525	-0.0005096361415823442	-0.0029548424236264	1.1787523	53.34292984	1.05162366	0.183282840750164	0.011379	7e-05
-0.1474	-0.146	-0.3597	0.009608037532228783	-0.0005480333851262194	-0.00301941960595019	0.92172635	41.71154785	0.91781898	0.021004571226559975	0.0110473	5e-05
-0.157	-0.0468	-0.3314	0.009496336460101147	-0.0004049163864626844	-0.0031956978604016175	1.09310782	49.46719742	1.00197336	0.15865481626212996	0.0110469	9e-05
-0.1914	-0.1052	-0.3373	0.010135126966331072	0.00019896753472735358	-0.0042987459476620336	1.30192447	58.91693115	1.14992535	0.21598612573401893	0.0136817	0.00195
-0.1819	-0.0797	-0.3255	0.008997172294030768	0.0001308996938995747	-0.003932226804743224	1.21783888	55.11174393	1.09945023	0.12542708280234455	0.0139701	0.00125
-0.1713	-0.1374	-0.4112	0.009965830028887622	0.0004974188368183839	-0.0038501963298994907	1.30263019	58.94886398	1.16549704	0.2248603676309698	0.0143629	0.00094
-0.1514	-0.0771	-0.4453	0.007951720072086166	-0.0007557275661135446	-0.0032463124087094525	1.35324776	61.23950195	1.19531148	0.30785701404617105	0.0234292	0.00391
-0.1481	0.0989	-0.3961	0.011236429724339494	0.00020943951023931956	-0.00365646478292812	1.76685798	79.95690155	1.45268568	0.46150145514124286	0.0163705	0.00134
-0.1323	0.1072	-0.3742	0.011273081638631376	0.00039793506945470715	-0.003452261260444784	1.23279238	55.78844452	1.11300705	0.06746754979953032	0.0166815	0.00104
-0.1322	0.0537	-0.3486	0.010812314716104872	0.00042760566673861073	-0.0034243359924128747	1.09116125	49.37910843	1.03632605	0.10511813939211584	0.0162588	0.00194
-0.1452	-0.3101	-0.3721	0.011075859433156017	0.0002583087292951608	-0.0038903389026953604	1.92850757	87.27214813	1.50586824	0.445242228238854	0.0135844	0.00015
-0.1553	-0.3382	-0.3633	0.011672762037338073	2.792526803190927e-05	-0.004207988826558329	1.05296755	47.65069962	0.99168044	0.1042467994654138	0.0143552	0.00017
-0.1605	-0.1743	-0.3149	0.011390018698514994	0.00012740903539558605	-0.004307472593922005	1.25751889	56.90741348	1.10383691	0.2415855436775216	0.0103852	5e-05
-0.1649	-0.2752	-0.3478	0.011599458208754314	1.7453292519943296e-05	-0.004396484385773717	1.08754003	49.21523666	0.99966311	0.15862035224833368	0.0115378	9e-05
-0.1683	-0.2315	-0.3556	0.011484266478122689	-0.00022165681500327985	-0.004469788214357478	0.95854503	43.37773132	0.94352771	0.0762802833369305	0.0101156	7e-05
-0.1697	-0.1281	-0.3586	0.011613420842770268	-0.00022689280275926284	-0.004537856055185257	1.04255199	47.17935944	0.97482393	0.11792290966156702	0.00794107	6e-05
-0.1795	0.0114	-0.3461	0.0118193696945056	-0.00017802358370342162	-0.004729842272904633	1.19621599	54.13322449	1.06221187	0.18414021442552736	0.00928783	7e-05
-0.1812	-0.1028	-0.381	0.011965977351673122	-0.0003787364476827695	-0.004735078260660616	1.10485995	49.99902725	1.01682946	0.16842782544514265	0.0069409	8e-05
-0.1794	-0.0878	-0.3914	0.012168435544904467	-0.000317649923862968	-0.004848524662040247	0.93935448	42.50928879	0.93575233	0.04604955592153891	0.00680089	4e-05
-0.1822	-0.0867	-0.4043	0.012287117934040078	-0.00040666171571467877	-0.004965461721923867	0.96145093	43.50923538	0.93388026	0.033031562043547055	0.00675696	6e-05
-0.18	-0.0992	-0.415	0.01236391242112783	-0.0004625122517784973	-0.0049864056729478	0.95691371	43.3039093	0.93815501	0.03307944870877516	0.00672352	7e-05
-0.1723	-0.1199	-0.3846	0.012712978271526697	-3.839724354387525e-05	-0.004878195259324152	0.97079575	43.93212128	0.95195044	0.10286956361285685	0.0075652	4e-05
-0.1716	-0.0402	-0.3344	0.01259429588239108	0.0005410520681182421	-0.004752531553180559	1.14987278	52.03602219	1.05703759	0.17178977034706638	0.0112764	0.00049
-0.1776	-0.276	-0.3732	0.013049826817161603	0.000153588974175501	-0.004897393881096089	1.48425388	67.16801453	1.21879739	0.32999281783143974	0.00984734	6e-05
-0.1874	-0.428	-0.3983	0.013692107981895515	-0.00017976891295541595	-0.005152211951887261	1.23934817	56.08511734	1.11208589	0.2484228561328	0.0155176	0.00053
-0.189	-0.3223	-0.3959	0.013587388226775854	-0.0003159045946109737	-0.005157447939643243	1.07335877	48.57348251	0.99569503	0.12200457122656005	0.0108601	0.00012
-0.1906	-0.1421	-0.3613	0.012760102161330542	-7.853981633974481e-05	-0.005120796025351363	1.2611692	57.07260132	1.1104171	0.271465137900421	0.0068115	3e-05
-0.1914	-0.1853	-0.3777	0.01267807168648681	-4.0142572795869576e-05	-0.00514348530562729	0.9986918	45.19452286	0.94955329	0.06755584993317668	0.00718319	3e-05
-0.1972	-0.0674	-0.3529	0.012421508286443644	-0.0002181661564992912	-0.005298819609054784	1.09233558	49.43225098	1.00110721	0.177996064358704	0.00679773	6e-05
-0.1969	-0.0272	-0.3791	0.012644910430698918	-0.00017627825445142725	-0.005377359425394529	1.03304768	46.74925232	0.9848879	0.08389149313214411	0.00712234	3e-05
-0.1982	-0.1241	-0.4043	0.012952088379049919	-0.0004206243497306334	-0.005494296485278149	1.08713996	49.1971283	1.00023224	0.15682305517569137	0.00596768	5e-05
-0.2002	-0.1016	-0.4051	0.012854349940938236	-0.0005305800926062762	-0.00558330827712986	0.94818634	42.90896225	0.93522387	0.040135298641951825	0.0055564	5e-05
-0.1993	-0.1197	-0.4093	0.012863076587198208	-0.0004921828490624009	-0.005537929716578008	0.93619335	42.36623383	0.9316417	0.027825122517784903	0.00556976	6e-05
-0.2007	-0.1381	-0.4099	0.01292067245251402	-0.0005585053606381855	-0.005494296485278149	0.96415448	43.63158035	0.93369055	0.028777580409572782	0.00575989	2e-05
-0.2038	-0.1533	-0.401	0.012971287000821856	-0.0005550147021341969	-0.005551892350593962	0.9411822	42.59199905	0.92810351	0.03278505360638183	0.00559729	3e-05
-0.2098	-0.0867	-0.3684	0.01277057413684251	-0.00035604716740684323	-0.005642649471697667	1.03386486	46.78623199	0.9761083	0.12972187599052024	0.00586295	5e-05
-0.2094	-0.2314	-0.4111	0.013137093279761319	-0.0004380776422505767	-0.0055710909723658995	1.17885578	53.34761429	1.04437935	0.21380540585471547	0.00636739	6e-05
-0.2056	-0.3001	-0.4148	0.013423327277088387	-0.0005113814708343385	-0.005614724203665758	0.99652129	45.09629822	0.97434227	0.09635855286053437	0.00895202	0.00011
-0.2067	-0.195	-0.3955	0.013344787460748643	-0.000439822971502571	-0.005649630788705644	1.05362999	47.68067932	0.98364346	0.13475024503556987	0.00635207	5e-05
-0.2117	-0.0772	-0.3782	0.013173745194053201	-0.00040840704496667313	-0.005691518690753509	1.1520493	52.13452148	1.03257836	0.1523173047639602	0.00642341	7e-05
-0.2075	-0.2214	-0.412	0.013426817935592377	-0.0005340707511102648	-0.005670574739729577	1.16548908	52.74271774	1.04337495	0.20218401993533489	0.0064972	4e-05
-0.2107	-0.1175	-0.3853	0.013224359742361035	-0.00048345620280242926	-0.005770058507093254	1.05869484	47.90988159	0.98710001	0.15142782544514272	0.00556821	6e-05
-0.2085	-0.0663	-0.399	0.013165018547793226	-0.00046425758103049166	-0.005672320068981571	1.06199396	48.05918121	0.99066655	0.07591391272257153	0.00572783	8e-05
-0.2022	-0.2114	-0.4204	0.013357004765512603	-0.0005654866776461627	-0.005599016240397809	1.14466262	51.80024338	1.03974886	0.19112595714594047	0.00627887	4e-05
-0.2104	-0.0858	-0.3839	0.013128366633501346	-0.0004380776422505767	-0.005796238445873169	1.12179887	50.76557541	1.01668894	0.19796346864411007	0.00565904	3e-05
-0.2092	-0.1724	-0.4265	0.013341296802244653	-0.0005427973973702365	-0.005770058507093254	1.08573616	49.13360596	0.99276909	0.14759149313214406	0.00531673	5e-05
-0.2109	-0.214	-0.4188	0.013397147338308471	-0.000635299847725936	-0.005921902152016759	0.96212876	43.53990936	0.94280829	0.06600983156715111	0.00593972	4e-05
-0.2096	-0.1135	-0.3921	0.013297663570944798	-0.000466002910282486	-0.0058747782622129135	1.05774343	47.86682892	0.98725392	0.14429522973054845	0.0052188	4e-05
-0.2046	-0.24	-0.4258	0.013559462958743947	-0.0005689773361501514	-0.005806710421385134	1.10939515	50.20426178	1.00617511	0.18684208272472969	0.00652045	3e-05
-0.213	-0.1911	-0.4136	0.013384930033544514	-0.0005585053606381855	-0.005996951309852516	0.96549797	43.692379	0.93842164	0.08826228945893902	0.00580019	3e-05
-0.2202	-0.0797	-0.3863	0.013142329267517301	-0.00045902159327450867	-0.006105161723476165	1.09677136	49.63298798	1.01580998	0.16841474735072695	0.0054881	3e-05
-0.2142	-0.2155	-0.428	0.013529792361460043	-0.0006440264939859076	-0.006021385919380436	1.13273728	51.26057816	1.0253215	0.21631218993749352	0.00575966	2e-05
-0.2152	-0.1775	-0.4229	0.013521065715200072	-0.0006928957130417488	-0.006082472443200237	0.94821787	42.91038895	0.93053506	0.050034119456780685	0.00509745	3e-05
-0.2161	-0.0875	-0.4054	0.013400637996812464	-0.0006230825429619757	-0.006092944418712205	1.02675724	46.46458817	0.98139432	0.1184356431989674	0.00505763	2e-05
-0.2129	-0.215	-0.4395	0.013735741213195376	-0.000661479786505851	-0.00616799357654796	1.10000265	49.77921295	1.01082729	0.18722748088812707	0.0058111	1e-05
-0.2171	-0.1634	-0.4217	0.01367814534787956	-0.0006876597252857658	-0.006222098783359784	0.98858696	44.73723984	0.94571897	0.08049405054537771	0.00531614	2e-05
-0.2189	-0.0661	-0.3998	0.013313371534212746	-0.0006073745796940267	-0.006204645490839842	1.0837431	49.04341125	1.00858955	0.14412561258892478	0.00562549	3e-05
-0.2157	-0.2524	-0.4325	0.01372177857917942	-0.0006684611035138282	-0.006197664173831864	1.25820708	56.93855667	1.09202858	0.24602374428972268	0.00653756	4e-05
-0.2169	-0.223	-0.4372	0.013793337078511186	-0.0007679448708775049	-0.0062168627956038025	0.97528946	44.13547897	0.93768449	0.04481204442336906	0.00594097	4e-05
-0.2228	-0.0951	-0.4029	0.013411109972324427	-0.0006981317007977319	-0.00628493063643158	1.11843717	50.61344528	1.01850079	0.19410540585471553	0.00491965	6e-05
-0.2204	-0.212	-0.4424	0.013774138456739249	-0.0006876597252857658	-0.006291911953439557	1.08966291	49.31130219	0.99933263	0.17782408884673823	0.00549263	2e-05
-0.2209	-0.2053	-0.4432	0.013784610432251215	-0.0007609635538695277	-0.006318091892219472	0.96089244	43.4839592	0.93134289	0.013497787143782115	0.00549412	4e-05
-0.2294	-0.0719	-0.418	0.013531537690712036	-0.0007504915783575615	-0.006501351463678877	1.12782371	51.03821945	1.02580213	0.18944021442552753	0.00517941	5e-05
-0.2234	-0.2026	-0.4559	0.013823007675795092	-0.0008098327729253688	-0.006443755598363065	1.11846733	50.61481094	1.01996433	0.19502035224833383	0.00530297	6e-05
-0.228	-0.1594	-0.4412	0.013730505225439388	-0.000853466004225227	-0.006517059426946826	0.9663685	43.73177338	0.93655911	0.07297197551196627	0.00471967	3e-05
-0.2328	-0.0584	-0.4152	0.013442525898860325	-0.0007487462491055673	-0.00659908990179056	1.05677509	47.82300568	0.99171846	0.15553647782712277	0.00514752	3e-05
-0.2284	-0.2084	-0.4544	0.013838715639063038	-0.0008447393579652555	-0.006492624817418905	1.17662537	53.24668121	1.04482348	0.2235323966717028	0.00532836	2e-05
-0.2341	-0.1649	-0.4362	0.013699089298903493	-0.0008970992355250854	-0.006592108584782582	0.97258067	44.01289749	0.94761789	0.08197349925415266	0.00501233	5e-05
-0.2346	-0.0638	-0.4279	0.01354899098323198	-0.0007225663103256524	-0.006579891280018623	1.09286463	49.45619202	1.00930052	0.1267424272817452	0.00522101	3e-05
-0.2292	-0.243	-0.4648	0.01387536755335492	-0.0008464846872172499	-0.006524040743954804	1.27587414	57.73805237	1.10266084	0.2468072741539178	0.00626409	6e-05
-0.2341	-0.1543	-0.435	0.01372177857917942	-0.0008203047484373349	-0.006663667084114349	1.04865122	47.45537186	0.98257217	0.139369762655748	0.00509942	6e-05
-0.2316	-0.1141	-0.4471	0.013795082407763181	-0.000757472895365539	-0.00662352451131848	1.03759992	46.95526123	0.97646998	0.06361391272257128	0.00489849	3e-05
-0.2314	-0.2108	-0.4713	0.01402022988127045	-0.000926769832808989	-0.006647959120846402	1.07262564	48.54030228	0.9952208	0.14204395102393197	0.00557905	3e-05
-0.2364	-0.0831	-0.4255	0.013788101090755204	-0.0008447393579652555	-0.00674395222970609	1.12703502	51.00252914	1.02328043	0.19900761871093336	0.00485754	5e-05
-0.2311	-0.1544	-0.4541	0.014123204307138116	-0.0007906341511534313	-0.006602580560294549	1.04484618	47.28318024	0.97280401	0.13172900463031387	0.00509518	3e-05
-0.2346	-0.1671	-0.4537	0.014027211198278426	-0.000890117918517108	-0.006759660192974038	0.94653302	42.83414459	0.93494663	0.03422782544514275	0.00494581	3e-05
-0.2395	-0.0558	-0.4219	0.013793337078511186	-0.0007417649320975902	-0.006810274741281873	1.08812952	49.24191284	1.00639373	0.16964208272472964	0.00551862	4e-05
-0.2335	-0.1738	-0.4658	0.014165092209185978	-0.0008831366015091308	-0.006723008278682157	1.13193035	51.22406387	1.01567913	0.1979196631343024	0.00497156	3e-05
-0.2312	-0.1709	-0.4689	0.014248868013281707	-0.000895353906273091	-0.006717772290926174	0.95495486	43.21526337	0.93305549	0.013361454830783624	0.00498331	5e-05
-0.2329	-0.0884	-0.4394	0.014215706757493812	-0.0007592182246175333	-0.00672824426643814	1.02500188	46.38515091	0.9704004	0.12268844564777089	0.00487185	1e-05
-0.2302	-0.1837	-0.4705	0.014357078426905355	-0.0008360127117052838	-0.006668903071870333	1.06284213	48.09756088	0.9821884	0.14297536755335502	0.00519514	2e-05
-0.2336	-0.1595	-0.4547	0.014229669391509768	-0.0008866272600131194	-0.006785840131753953	0.94899839	42.94570923	0.93191096	0.05814803217935215	0.00492167	1e-05
-0.2325	-0.0867	-0.4403	0.014116222990130137	-0.000736528944341607	-0.0067038096569102205	1.01037097	45.72304916	0.96808916	0.10557875959474372	0.00490272	3e-05
-0.2262	-0.2496	-0.4876	0.014102260356114183	-0.0008674286382411819	-0.006611307206554521	1.3990401	63.31177521	1.11416776	0.2283682389135613	0.00803703	0.00139
-0.2252	-0.108	-0.4132	0.013123130645745364	-0.0007173303225696694	-0.006752678875966061	1.79515982	81.23766327	1.28100403	0.2805299847725936	0.011827	0.0019
-0.219	0.0952	-0.2873	0.012840387306922281	0.0005253441048502931	-0.006939429105929455	1.88811445	85.44420624	1.45768855	0.420908399810322	0.0200976	0.01008
-0.2158	-0.3056	-0.3735	0.012507029419791364	-0.0007661995416255106	-0.006723008278682157	2.09214711	94.67744446	1.59150205	0.5822661180427009	0.0120679	0.00076
-0.214	-0.4663	-0.4555	0.01219112482518039	-0.000879645943005142	-0.006579891280018623	1.388659	62.84198761	1.2155357	0.27312339973270694	0.0163931	0.00127
-0.2222	-0.3579	-0.5001	0.012636183784438945	-0.001186823891356144	-0.006812020070533868	1.13947463	51.56547165	1.03037672	0.21041828490624007	0.0112497	0.00021
-0.2307	-0.167	-0.5153	0.01251226540754735	-0.0013718287920675431	-0.007016223593017205	1.25733042	56.89888	1.0860121	0.24025634000431653	0.00564134	6e-05
-0.2343	-0.0156	-0.5231	0.012629202467430968	-0.001361356816555577	-0.007244861725028462	1.16148341	52.56145096	1.03753424	0.18060235837034208	0.00625539	9e-05
-0.2419	0.0833	-0.5439	0.01288402053822214	-0.00147131255943122	-0.007428121296487867	1.09590912	49.59396744	1.00490961	0.154701669256311	0.0098002	0.0002
-0.2432	0.1287	-0.5565	0.012870057904206186	-0.0015114551322270892	-0.007525859734599549	1.02368212	46.32542801	0.98099254	0.06689218224617521	0.011936	0.00032
-0.2402	0.1098	-0.5566	0.012992230951845787	-0.0015515977050229591	-0.007482226503299692	0.98336643	44.50099182	0.96375466	0.03229744258676638	0.0122776	0.00051
-0.2398	0.0561	-0.568	0.01307251609743753	-0.0015987215948268059	-0.007353072138652111	1.01465774	45.91703796	0.97234435	0.07832817000215847	0.0111676	0.00041
-0.2431	-0.0279	-0.5713	0.012962560354561887	-0.0016772614111665507	-0.007368780101920059	1.0363462	46.89852142	0.98676616	0.10081017612416689	0.00933909	0.00028
-0.243	-0.1035	-0.5723	0.013009684244365731	-0.001658062789394613	-0.007351326809400116	1.00595045	45.52300262	0.97272245	0.08088879020478627	0.00862384	0.00023
-0.2443	-0.1499	-0.5779	0.012953833708301913	-0.0017366026057343581	-0.007377506748180031	0.97985476	44.34207535	0.9592731	0.06132851455917382	0.00846767	0.00021
-0.2433	-0.1672	-0.5811	0.013051572146413597	-0.0017523105690023068	-0.007414158662471912	0.94305211	42.67662048	0.94294635	0.02900491578357567	0.00823963	0.00018
-0.2425	-0.1531	-0.5923	0.013187707828069155	-0.001780235837034216	-0.007394960040699974	0.95536423	43.23378754	0.94009383	0.03526297857297032	0.00784141	0.00011
-0.2431	-0.0983	-0.5958	0.012990485622593795	-0.0018483036778619948	-0.007400196028455957	0.9699192	43.89245605	0.94799109	0.07242630170295601	0.00741047	6e-05
-0.2412	-0.0445	-0.6002	0.012950343049797924	-0.0017872171540421933	-0.0074019413577079505	0.96573216	43.70297623	0.94445175	0.0652487212933833	0.00782752	6e-05
-0.2539	0.0977	-0.5527	0.012149236923132528	-0.0015446163880149814	-0.007775441817634738	1.22295165	55.34311295	1.08358703	0.2732603676309698	0.0113699	0.00034
-0.2514	0.1916	-0.5356	0.01180366173123765	-0.0011623892818282235	-0.007735299244838868	1.17699981	53.26362228	1.08942747	0.15189724354387527	0.0193097	0.00619
-0.2574	-0.0888	-0.5859	0.012007865253720985	-0.0013683381335635543	-0.0075991635631833115	1.58607137	71.77563477	1.27581533	0.3640144027937111	0.0103347	0.00077
-0.2677	-0.2861	-0.5925	0.011815879036001611	-0.0013473941825396225	-0.007789404451650692	1.36133957	61.60568619	1.16670465	0.2343585528605344	0.0111758	0.00049
-0.2686	-0.1511	-0.5456	0.011562806294462432	-0.0013788101090755204	-0.007873180255746421	1.20486355	54.52456284	1.04820968	0.20121322360854035	0.00752956	0.00015
-0.2694	-0.0486	-0.5439	0.011679743354346054	-0.0014119713648634124	-0.007871434926494426	1.13563108	51.3915329	1.02626529	0.11259218224617532	0.00835311	0.00024
-0.2738	-0.1772	-0.5792	0.012048007826516856	-0.0015638150097869194	-0.007986626657126052	1.20009863	54.30893326	1.06012872	0.2000649923862968	0.00834483	0.00014
-0.2744	-0.0781	-0.5773	0.012061970460532812	-0.0017191493132144146	-0.008051203839449843	1.11726367	50.56034088	1.0079826	0.11329370598836208	0.00834644	0.00012
-0.2724	0.0848	-0.5659	0.011941542742145204	-0.0015655603390389136	-0.008059930485709814	1.27145529	57.53808594	1.10744818	0.1904371669411541	0.0115462	0.0003
-0.2731	0.0038	-0.5804	0.011999138607461015	-0.0016493361431346415	-0.007997098632638018	1.12360048	50.84710693	1.01636278	0.10641017612416687	0.00934857	0.00023
-0.2726	0.035	-0.568	0.012107349021084663	-0.0015917402778188286	-0.008026769229921921	1.02905786	46.56869888	0.96734827	0.053873843811168325	0.00855303	9e-05
-0.2737	0.0672	-0.5629	0.012150982252384522	-0.0015271630954950383	-0.008161159582325484	0.98900586	44.75619888	0.95695892	0.050530038301360575	0.00978857	0.00011
-0.2731	0.0151	-0.5834	0.01232726050683595	-0.0016720254234105676	-0.008138470302049559	1.02023327	46.16935349	0.96136524	0.09039149313214413	0.00858355	0.00012
-0.2705	-0.0196	-0.5836	0.012252211349000194	-0.0016388641676226754	-0.00809832772925369	0.96718752	43.76883698	0.94125709	0.04491764932097585	0.0078764	5e-05
-0.27	-0.0391	-0.576	0.012236503385732244	-0.0015760323145508795	-0.008126252997285598	0.93433923	42.28232956	0.92812711	0.032923254218582804	0.00753468	4e-05
-0.2768	0.035	-0.555	0.011910126815609306	-0.0014852751934471744	-0.008218755447641298	1.05938303	47.94102478	0.98890191	0.12738180707911703	0.00900578	0.00013
-0.2748	-0.138	-0.588	0.01217367153266045	-0.0015865042900628454	-0.008114035692521638	1.24099672	56.15972137	1.08127859	0.23147467843932368	0.00755727	9e-05
-0.2755	-0.1329	-0.6027	0.012344713799355894	-0.0016947147036864942	-0.008147196948309529	0.93569243	42.34356689	0.92884667	0.03612069680534935	0.00769895	3e-05
-0.2808	-0.0433	-0.5836	0.012295844580300051	-0.001726130630222392	-0.008217010118389304	1.05150771	47.58463669	0.97534174	0.12150491578357576	0.00759107	7e-05
-0.281	0.004	-0.5843	0.012269664641520135	-0.0016790067404185449	-0.008239699398665229	0.99897927	45.20753098	0.96385255	0.05299965544298448	0.00810272	5e-05
-0.2737	-0.0812	-0.5967	0.012444197566719568	-0.0016964600329384882	-0.008080874436733746	1.01195991	45.79495621	0.96500714	0.12244055898254293	0.00716764	5e-05
-0.2811	0.0641	-0.5712	0.012142255606124551	-0.001635373509118687	-0.00823097275240526	1.18006706	53.40242767	1.04361628	0.2038563400043165	0.00984091	0.00017
-0.2746	0.0593	-0.5996	0.012527973370815296	-0.0015289084247470327	-0.008091346412245713	1.04630148	47.34903717	0.99102256	0.0712904594610973	0.0105606	0.00019
-0.2672	-0.106	-0.6106	0.0128351513191663	-0.0017558012275062952	-0.007866198938738442	1.21389723	54.93336868	1.08252809	0.2216609112308769	0.00741279	4e-05
-0.273	-0.0272	-0.5943	0.012747884856566584	-0.0017889624832941875	-0.008023278571417934	1.02066684	46.18897247	0.96131512	0.114775367553355	0.00785136	7e-05
-0.2758	0.06	-0.5776	0.012508774749043359	-0.0016336281798666925	-0.008096582400001693	1.07337213	48.57408524	0.9979957	0.130087411976724	0.00936472	9e-05
-0.2707	-0.1159	-0.5997	0.012801990063378408	-0.0016912240451825054	-0.007998843961890012	1.22905397	55.61927032	1.07366212	0.22552748088812713	0.00721622	3e-05
-0.2692	-0.078	-0.6049	0.012878784550466158	-0.0017523105690023068	-0.007993607974134028	0.98490381	44.57056427	0.94212076	0.051755849933176765	0.00757718	9e-05
-0.2713	0.034	-0.5885	0.012693779649754757	-0.001626646862858715	-0.008065166473465796	1.09346819	49.48350906	1.00508183	0.14961135530933795	0.00882077	6e-05
-0.2676	-0.0891	-0.6142	0.013070770768185535	-0.0016632987771505957	-0.008049458510197848	1.10954487	50.21103668	1.00905618	0.1739675497995302	0.00779879	9e-05
-0.2701	-0.0611	-0.5991	0.01307775208519351	-0.0017313666179783749	-0.008138470302049559	0.99401629	44.98293686	0.94664696	0.053803047484373256	0.00745273	7e-05
-0.2727	0.0044	-0.5914	0.012938125745033963	-0.0016999506914424768	-0.008227482093901268	0.99905908	45.21114349	0.95530437	0.0888027029273576	0.00786436	7e-05
-0.2718	-0.0729	-0.6046	0.013180726511061176	-0.001689478715930511	-0.008264134008193149	0.98954487	44.78059006	0.95306637	0.10588623279155296	0.00721925	4e-05
-0.2799	0.0297	-0.5802	0.013096950706965448	-0.0016318828506146981	-0.008438666933392583	1.0799582	48.87213135	0.98906134	0.15089522973054878	0.00862396	5e-05
-0.2767	-0.0556	-0.6022	0.01316152788928924	-0.001726130630222392	-0.008313003227248992	1.02540469	46.40337753	0.97272956	0.1247244334037538	0.00715399	3e-05
-0.2704	-0.0765	-0.6098	0.013255775668896932	-0.0016929693744344998	-0.008208283472129332	0.9365375	42.38180923	0.92501133	0.04640643952576222	0.0074048	5e-05
-0.272	-0.0239	-0.6224	0.013236577047124996	-0.0017715091907742446	-0.008250171374177195	0.97540879	44.14088058	0.93424956	0.07378131700797713	0.00856996	8e-05
-0.2786	0.045	-0.5863	0.013035864183145647	-0.0016528268016386303	-0.008436921604140588	1.02564347	46.41418457	0.9720616	0.1369072741539177	0.0094769	0.0001
-0.2674	0.0729	-0.6089	0.014280283939817605	-0.0011222467090323538	-0.008330456519768934	1.12138343	50.74677658	1.04575345	0.15577324668249434	0.0132255	0.00057
-0.2702	-0.2149	-0.6393	0.014240141367021734	-0.0015515977050229591	-0.008264134008193149	1.6253165	73.55162048	1.31539397	0.3477908040181131	0.00897652	0.00015
-0.2706	-0.1874	-0.6468	0.01427853861056561	-0.0016458454846306526	-0.008260643349689161	0.96167642	43.5194397	0.94365792	0.04220678408277796	0.008995	6e-05
-0.2781	-0.0363	-0.612	0.014077825746586262	-0.00152367243699105	-0.00838107106807677	1.22238934	55.31766891	1.06558825	0.2155656815003281	0.00869411	7e-05
-0.2764	-0.0653	-0.6388	0.014165092209185978	-0.001572541656046891	-0.008356636458548849	1.02581751	46.42206192	0.97370343	0.06552851455917402	0.00861412	4e-05
-0.2726	-0.11	-0.6498	0.014383258365685271	-0.001616174887346749	-0.008283332629965088	0.97652942	44.19159317	0.94664941	0.07625516081914559	0.00870353	3e-05
-0.2789	0.0217	-0.6222	0.014140657599658057	-0.0015428710587629874	-0.008466592201424492	1.14759409	51.93290329	1.02115011	0.19055820830351905	0.00984561	7e-05
-0.2731	0.0551	-0.6277	0.014145893587414042	-0.0015027284859671175	-0.008339183166028906	1.02611244	46.43540573	0.97632812	0.05333937979737212	0.01104	9e-05
-0.2677	-0.0614	-0.6354	0.014472270157536982	-0.0014276793281313615	-0.008227482093901268	1.09102905	49.37312698	1.00506375	0.15525634000431662	0.00928432	9e-05
-0.2621	0.0677	-0.5665	0.014652039070492397	-0.0005899212871740833	-0.008065166473465796	1.25682247	56.87589645	1.1083796	0.26259212871740817	0.0123274	0.00052
-0.2433	-0.2772	-0.5876	0.011793189755725684	-0.0006370451769779302	-0.007487462491055673	2.4688859	111.72628021	1.60019459	0.558983859349034	0.020872	0.00927
-0.2357	-0.1368	-0.5201	0.011777481792457734	-0.0009808750396208131	-0.007302457590344275	2.54136562	115.0062561	1.62538451	0.2427271363311116	0.0155411	0.00404
-0.2174	-0.0723	-0.5398	0.013344787460748643	-0.0003665191429188092	-0.0067980574365179135	1.74459815	78.94956207	1.26844642	0.2368030859409636	0.00993699	0.00071
-0.1827	-0.018	-0.5289	0.013376203387284541	0.00011344640137963142	-0.00616799357654796	1.17250454	53.06019592	1.07534031	0.1569722665402145	0.0102727	0.00073
-0.2192	-0.2369	-0.5416	0.013400637996812464	-0.0006003932626860494	-0.006988298324985294	1.47364187	66.68778229	1.23385668	0.34602895110154686	0.00951213	0.0006
-0.2462	-0.1681	-0.5296	0.013669418701619588	-0.000905825881785057	-0.007620107514207243	1.14120448	51.64375305	1.03213803	0.168101125656404	0.00719076	0.00019
-0.2495	-0.1148	-0.5168	0.013871876894850931	-0.0009529497715889039	-0.00776846050062676	1.03860211	47.00061417	0.97238314	0.08929675347273527	0.0066033	5e-05
-0.2492	-0.0076	-0.5004	0.013833479651307054	-0.0007504915783575615	-0.007799876427162659	1.08565891	49.13010788	1.00643021	0.137513568165556	0.00759506	3e-05
-0.2635	-0.0564	-0.5339	0.013631021458075715	-0.0011536626355682519	-0.008161159582325484	0.98779058	44.70120239	0.9582128	0.14494562028024283	0.00679642	6e-05
-0.2679	-0.0303	-0.5392	0.013576916251263891	-0.0013281955607676848	-0.008295549934729049	0.92065871	41.66323471	0.92395316	0.05395142422074103	0.00701135	3e-05
-0.2676	0.0384	-0.5006	0.01354899098323198	-0.0009878563566287904	-0.008349655141540872	1.03649497	46.90525436	0.9790006	0.12871848394913135	0.008479	6e-05
-0.2722	-0.0587	-0.5377	0.013461724520632264	-0.0012618730491919003	-0.008353145800044861	1.0789628	48.82708359	1.00591789	0.15703869068334064	0.00685662	3e-05
-0.2762	-0.1	-0.5439	0.013657201396855627	-0.001382300767579509	-0.008484045493944435	0.92833483	42.01060867	0.93214735	0.07384021442552736	0.00696516	2e-05
-0.2766	-0.0894	-0.5401	0.01378635576150321	-0.0013927727430914749	-0.00851022543272435	0.95131904	43.05072784	0.92915109	0.023090313946973175	0.0068987	5e-05
-0.277	-0.017	-0.5203	0.013554226970987961	-0.0011885692206081383	-0.008428194957880617	1.05557513	47.76870728	0.98475127	0.11851813939211592	0.00696087	0.0001
-0.2738	-0.1509	-0.5597	0.013611822836303777	-0.001382300767579509	-0.00830776723949301	1.12067902	50.71489716	1.02263147	0.19508775653373972	0.00657403	3e-05
-0.2648	-0.1055	-0.5741	0.013498376434924143	-0.0013962634015954637	-0.008019787912913945	0.9522692	43.09372711	0.93175459	0.08956941809873278	0.00677669	2e-05
-0.2709	-0.0465	-0.5488	0.013545500324727991	-0.0013648474750595659	-0.008189084850357393	1.00680685	45.56175613	0.96193943	0.10279183768915984	0.00656533	5e-05
-0.2925	0.0533	-0.4548	0.013643238762839672	-0.0012007865253720988	-0.008852309966115239	1.19956017	54.28456116	1.08633847	0.26165122517784967	0.00916862	0.00021
-0.3077	-0.1089	-0.4857	0.014233160050013757	-0.001710422666954443	-0.009159487914466241	1.24312973	56.25624847	1.08310199	0.27863676885537164	0.00744939	0.00014
-0.3151	-0.2534	-0.5545	0.014542083327616756	-0.0021642082724729686	-0.009361946107697583	1.19418526	54.04132843	1.07792475	0.26895835381764327	0.00913668	6e-05
-0.3193	-0.1849	-0.5847	0.01490336648277958	-0.0022689280275926286	-0.009466665862817244	0.99049163	44.82343292	0.95446485	0.13143613327010725	0.00895464	9e-05
-0.3226	-0.0468	-0.557	0.015320500174006225	-0.0020717058221172693	-0.009663888068292601	1.15366101	52.20745468	1.03049918	0.20967890510886808	0.00906438	5e-05
-0.3208	-0.0796	-0.5948	0.015273376284202379	-0.0022410027595607188	-0.009608037532228783	1.00474524	45.4684639	0.95505689	0.08601356816555566	0.00911903	6e-05
-0.3206	-0.0741	-0.6033	0.015144221919554798	-0.002305579941884509	-0.009609782861480778	0.93002754	42.08720779	0.92392641	0.023973843811168207	0.00898975	5e-05
-0.3189	-0.0214	-0.6104	0.015217525748138559	-0.002256710722828668	-0.009616764178488757	0.94987059	42.9851799	0.93498151	0.06795771823237912	0.0100046	6e-05
-0.3221	-0.0051	-0.631	0.015449654538653804	-0.0023422318561763904	-0.0096342174710087	0.96702862	43.76164627	0.93905037	0.056855160819145455	0.0115848	9e-05
-0.3237	-0.0076	-0.6383	0.01547583447743372	-0.0024486969405480446	-0.009648180105024653	0.97250873	44.00963974	0.94405853	0.01873038285837616	0.01162	4e-05
-0.3221	-0.0259	-0.6437	0.01547583447743372	-0.002464404903815993	-0.009656906751284626	0.95146823	43.05747986	0.94192044	0.02652173047639613	0.0115066	7e-05
-0.32	-0.047	-0.6452	0.015610224829837285	-0.0025603980126756814	-0.009608037532228783	0.97014523	43.90268326	0.94320781	0.03866263401595474	0.0116608	9e-05
-0.3206	-0.0471	-0.5694	0.01507615407872702	-0.0021519909677090087	-0.00956614963018092	1.07565176	48.67724609	1.00338148	0.12571828490623999	0.00939208	0.0001
-0.3189	0.0246	-0.5468	0.015016812884159212	-0.001853539665617978	-0.009609782861480778	1.14595115	51.85855865	1.05184951	0.1160712863979348	0.0122603	0.00042
-0.3245	-0.2996	-0.5906	0.015575318244797397	-0.002183406894244906	-0.00965516142203263	1.74049628	78.7639389	1.39022258	0.42028755749084823	0.0115091	0.00017
-0.3226	-0.2746	-0.6028	0.015713199255704947	-0.0024486969405480446	-0.009613273519984766	0.95800185	43.35314941	0.94901016	0.06135294796292763	0.0115376	0.00016
-0.3284	-0.1429	-0.5673	0.015629423451609222	-0.0023230332344044524	-0.009793042432940184	1.10976958	50.22120667	1.02203548	0.1924604211597368	0.00915062	3e-05
-0.3288	-0.0641	-0.5682	0.015769049791768765	-0.0022776546738526	-0.009896016858807847	1.06253266	48.08355713	0.99243913	0.09449896632895288	0.0096727	5e-05
-0.3267	-0.1465	-0.5971	0.015974998643504098	-0.0024801128670839424	-0.009793042432940184	1.02558196	46.41140366	0.97579954	0.13896907354171678	0.00965142	4e-05
-0.3304	-0.0078	-0.5677	0.015849334937360505	-0.002389355745980237	-0.009941395419359702	1.09989512	49.77434921	1.00980632	0.19003869068334084	0.0101849	4e-05
-0.3266	0.0281	-0.5802	0.015704472609444978	-0.0023160519173964756	-0.009873327578531921	1.00894058	45.65831757	0.96739968	0.06651169986635354	0.0115422	8e-05
-0.3273	-0.0805	-0.6035	0.01566083937814512	-0.0025080381351158514	-0.009770353152664255	1.07756066	48.76363373	0.99232887	0.14952969374434502	0.00984359	7e-05
-0.3364	-0.0328	-0.5744	0.01547932513593771	-0.0024242623310201236	-0.010100220381291184	1.00215971	45.35145569	0.95901384	0.11565786374650332	0.0103076	5e-05
-0.3332	-0.0332	-0.5784	0.015451399867905799	-0.0022689280275926286	-0.010060077808495316	0.98652154	44.64377213	0.96166101	0.018770107212763665	0.0102117	5e-05
-0.3297	-0.1757	-0.5957	0.01568527398767304	-0.0024801128670839424	-0.009927432785343747	1.13775945	51.48785019	1.03346852	0.19218519912050624	0.0101653	8e-05
-0.3333	-0.129	-0.5753	0.015563100940033436	-0.0025603980126756814	-0.010028661881959416	0.97792739	44.25485611	0.94809833	0.08588436449235058	0.009377	7e-05
-0.3325	-0.0682	-0.5659	0.01552470369648956	-0.0024870941840919192	-0.010053096491487336	0.99881828	45.2002449	0.96485134	0.07780678408277798	0.00948626	3e-05
-0.3297	-0.185	-0.58	0.01567829267066506	-0.002516764781375823	-0.00993266877309973	1.08007407	48.87737274	1.00066511	0.1488843644923506	0.00993127	9e-05
-0.3275	-0.1307	-0.5794	0.01564687674412916	-0.0025446900494077327	-0.009925687456091752	0.97119439	43.95016098	0.93923435	0.06041612557878932	0.0093931	2e-05
-0.3297	-0.0345	-0.5383	0.015533430342749534	-0.0024155356847601517	-0.010011208589439474	1.02482772	46.37726974	0.97441772	0.15590609496874652	0.00907016	2e-05
-0.3239	-0.095	-0.5676	0.015580554232553381	-0.002541199390903744	-0.009862855603019957	1.01065552	45.73592377	0.95807137	0.11165702911834773	0.00921679	5e-05
-0.323	-0.0722	-0.5744	0.015599752854325319	-0.002501056818107874	-0.0098803088955399	0.99846464	45.18424225	0.95942758	0.03433972435438755	0.0094108	7e-05
-0.3316	-0.0077	-0.5449	0.015529939684245543	-0.0024486969405480446	-0.01008625774727523	1.01862025	46.09635925	0.96537782	0.11900609496874674	0.0100974	6e-05
-0.3296	-0.0325	-0.5723	0.015683528658421046	-0.0024766222085799536	-0.009965830028887622	1.01621246	45.98740005	0.9679333	0.06929709802975098	0.0102665	9e-05
-0.3223	-0.1502	-0.5855	0.01584235362035253	-0.0025289820861397836	-0.009786061115932205	1.08667505	49.17609406	1.00680541	0.15774768762233654	0.00941277	8e-05
-0.3262	-0.0587	-0.5366	0.015643386085625176	-0.0023352505391684127	-0.00987681823703591	1.04303539	47.20123291	0.98647546	0.16847281014012158	0.00885767	6e-05
-0.3199	-0.1662	-0.5776	0.015786503084288712	-0.0024591689160600103	-0.00976337183565628	1.07286775	48.55125809	0.99305609	0.1738240888467382	0.00921297	3e-05
-0.3192	-0.1787	-0.5944	0.01576206847476079	-0.002593559268463574	-0.009681341360812546	0.94509494	42.76906586	0.93389376	0.04204277183876104	0.00982338	6e-05
-0.3258	-0.0309	-0.5457	0.015634659439365206	-0.0023911010752322315	-0.009871582249279927	1.16882408	52.89364243	1.04874907	0.22910540585471545	0.00959772	5e-05
-0.3225	-0.1028	-0.5781	0.01573414320672888	-0.0024207716725161347	-0.00970752129959246	1.08336496	49.02629852	0.99481586	0.12226076571675212	0.00959921	6e-05
-0.317	-0.2172	-0.5973	0.015940092058464212	-0.002569124658935653	-0.00952600705738505	1.10483551	49.99792099	1.01860554	0.1658908040181132	0.0103303	6e-05
-0.3256	-0.0509	-0.5508	0.015728907218972896	-0.0024207716725161347	-0.009724974592112405	1.21173894	54.83569717	1.07175421	0.2493252680319096	0.00949872	0.00011
-0.3223	-0.0909	-0.5806	0.015809192364564635	-0.00238237442897226	-0.009716247945852432	1.03415012	46.79914474	0.97940759	0.07947045176977942	0.00946915	6e-05
-0.3211	-0.1413	-0.5775	0.01593136541220424	-0.0024975661596038853	-0.00972322926286041	0.99445379	45.00273514	0.95849635	0.06691730476396036	0.00973696	6e-05
-0.3201	-0.0022	-0.562	0.01572541656046891	-0.0024294983187761066	-0.009676105373056562	1.17461896	53.15588379	1.04912162	0.17165702911834776	0.0101185	5e-05
-0.3198	-0.1389	-0.5856	0.0159121667904323	-0.002522000769131806	-0.00966737872679659	1.11294055	50.36470413	1.02265462	0.1749989663289531	0.00942218	4e-05
-0.3244	-0.0764	-0.5654	0.01587202421763643	-0.002513274122871834	-0.00982445835947608	0.98323667	44.495121	0.94070655	0.09759744258676659	0.00945884	5e-05
-0.3276	-0.0017	-0.5551	0.015796975059800676	-0.002462659574563999	-0.009965830028887622	1.06939459	48.39408493	0.98730918	0.10155176877775655	0.0105771	4e-05
-0.3245	-0.1812	-0.5831	0.015924384095196264	-0.002595304597715568	-0.009943140748611695	1.23759019	56.00556183	1.0788447	0.2247371669411541	0.00996107	5e-05
-0.3261	-0.1236	-0.56	0.015901694814920337	-0.002530727415391778	-0.010012953918691468	0.97613138	44.17358017	0.94864764	0.0901539816339744	0.00934398	8e-05
-0.3288	-0.0626	-0.558	0.015997687923780025	-0.0025237460983838006	-0.010037388528219388	1.03627932	46.89549637	0.97873317	0.0720704517697792	0.00980532	5e-05
-0.3286	-0.1844	-0.5804	0.016203636775515357	-0.002649409804527392	-0.010011208589439474	1.09223115	49.42752838	1.01864075	0.16228962483294188	0.0103592	8e-05
-0.3338	-0.0614	-0.5478	0.01598896127752005	-0.002513274122871834	-0.010163052234362981	1.08217263	48.97233963	1.00413271	0.1859327412287186	0.00992894	5e-05
-0.3282	-0.1424	-0.5852	0.016221090068035297	-0.0026389378290154262	-0.010081021759519247	1.02784145	46.5136528	0.96981107	0.14599114857512863	0.0105889	8e-05
-0.3371	-0.0742	-0.555	0.016015141216299968	-0.002708750999095199	-0.010278243964994606	1.02329469	46.30789566	0.97019644	0.1309492113645231	0.0101666	6e-05
-0.3367	-0.0594	-0.5658	0.01607273708161578	-0.00266860842629933	-0.010281734623498594	0.96047574	43.46510315	0.94984294	0.03106145483078341	0.0105094	0.0001
-0.3334	-0.1367	-0.5763	0.01633104581091094	-0.0027366762671271086	-0.010302678574522528	0.98757529	44.69145966	0.95494833	0.10846602605734376	0.0108002	7e-05
-0.3403	-0.0469	-0.5491	0.016259487311579175	-0.0027366762671271086	-0.010419615634406148	1.04943681	47.49092102	0.97815738	0.13332477796076933	0.0108659	7e-05
-0.3405	-0.0696	-0.5612	0.016240288689807234	-0.0026581364507873638	-0.010428342280666119	0.96980947	43.88748932	0.9489275	0.04032325421858289	0.0106004	4e-05
-0.3385	-0.1742	-0.5796	0.016634733100757953	-0.0027244589623631483	-0.010410888988146176	1.0241344	46.34589386	0.98142604	0.14891101075232227	0.0114698	7e-05
-0.3476	-0.0783	-0.5489	0.016489870772842426	-0.0027331856086231197	-0.010611601852125523	1.05313325	47.65820312	0.98693313	0.1534150919077422	0.0112485	6e-05
-0.3485	-0.0817	-0.5684	0.016400858980990713	-0.0027593655474030345	-0.010655235083425382	0.9901979	44.81014252	0.95865942	0.031741248096574234	0.0113404	6e-05
-0.3476	-0.2005	-0.5859	0.016746434172885592	-0.002820452071222836	-0.010684905680709284	1.06532621	48.2099762	1.00138277	0.15901661564992903	0.0122183	6e-05
-0.3486	-0.1327	-0.5684	0.01675865147764955	-0.0027977627909469105	-0.010663961729685353	0.99006855	44.80428696	0.95022375	0.0890925268031907	0.0117788	7e-05
-0.3493	0.0032	-0.5263	0.016163494202719488	-0.0026075219024795284	-0.01050513676775387	1.2096839	54.74270248	1.08257319	0.22591115626644653	0.0122463	0.00011
-0.3328	-0.2057	-0.5664	0.01697158164639286	-0.0026145032194875057	-0.010194468160898877	1.36940062	61.97047424	1.16675298	0.321786868376817	0.0115853	6e-05
-0.33	-0.1767	-0.5744	0.017182766485884175	-0.0027331856086231197	-0.010115928344559134	0.9677642	43.79493332	0.94025681	0.06022035224833365	0.0118018	7e-05
-0.3398	-0.0633	-0.542	0.016606807832726046	-0.002726204291615143	-0.010372491744602301	1.08745623	49.21144104	1.00859917	0.1975751685104636	0.0108419	3e-05
-0.3352	-0.0895	-0.5527	0.016512560053118353	-0.0026441738167714093	-0.01027126264798663	0.97666711	44.19782257	0.94577366	0.05537536755335484	0.0103844	6e-05
-0.3327	-0.1445	-0.5688	0.01668883830756978	-0.002707005669843205	-0.010208430794914833	0.98797351	44.70948029	0.95122484	0.08869709802975094	0.0110329	0.0001
-0.3354	0.0085	-0.5026	0.01566083937814512	-0.0026110125609835172	-0.010304423903774522	1.26017284	57.0275116	1.08861164	0.28289925735720184	0.0117995	0.00036
-0.3135	-0.285	-0.492	0.01179144442647369	-0.002490584842595908	-0.00926769832808989	2.98789644	135.21343994	1.87062019	0.5773274122871835	0.0290707	0.01281
-0.2901	-0.2396	-0.4027	0.01103397153110815	-0.0020420352248333657	-0.008449138908904549	2.96321201	134.09637451	1.92925745	0.25932909661567105	0.0153237	0.00436
-0.2816	-0.2051	-0.4199	0.011740829878165854	-0.0016807520696705393	-0.008208283472129332	1.78552175	80.80150604	1.26991459	0.1256498469497873	0.00728762	9e-05
-0.3068	-0.1014	-0.4031	0.012084659740808738	-0.001785471824790199	-0.008854055295367234	1.1406219	51.61738586	1.02306936	0.2004160720500223	0.00707442	0.0001
-0.3106	-0.1587	-0.4192	0.012241739373488228	-0.0019181168479417679	-0.009112364024662395	1.03997505	47.06274033	0.97460461	0.10460166925631097	0.00681776	5e-05
-0.3077	-0.1621	-0.4305	0.012477358822507462	-0.0019355701404617114	-0.009211847792026072	0.9445284	42.74342728	0.93544653	0.03522782544514272	0.00656933	0.0001
-0.3134	-0.0732	-0.4154	0.012548917321839229	-0.0018989182261698304	-0.009405579338997442	1.04545677	47.31081009	0.9698105	0.12479709802975088	0.00680524	6e-05
-0.3161	-0.0672	-0.4285	0.01267458102798282	-0.0018989182261698304	-0.00958185759344887	0.96625835	43.72678757	0.94219007	0.036897098029751	0.00675935	6e-05
-0.3169	-0.092	-0.4335	0.012733922222550629	-0.001932079481957723	-0.00970752129959246	0.92902952	42.04204559	0.92939411	0.0415083078249646	0.00701213	6e-05
-0.3181	-0.0737	-0.4373	0.01273043156404664	-0.0019861846887695473	-0.009779079798924228	0.93489367	42.30741882	0.92451827	0.029757718232379077	0.00730211	6e-05
-0.3295	-0.0248	-0.4039	0.0124040549939237	-0.00199142067652553	-0.009998991284675513	1.01138127	45.76876831	0.96472207	0.1212762021815104	0.00844938	0.00013
-0.3231	-0.1331	-0.4327	0.012526228041563302	-0.0020001473227855013	-0.00980002374994816	1.06139851	48.03223419	0.99449755	0.15999336143134632	0.0070526	0.0001
-0.3187	-0.1678	-0.4446	0.012541936004831252	-0.001965240737745615	-0.009677850702308557	0.93964016	42.5222168	0.9342949	0.05963937979737204	0.00714475	6e-05
-0.3288	-0.0723	-0.4127	0.012315043202071989	-0.001933824811209717	-0.009890780871051866	1.07011938	48.42688751	0.99519749	0.16106194490192352	0.00758898	0.00013
-0.3252	-0.1375	-0.4499	0.012438961578963586	-0.0020193459445574393	-0.009813986383964116	1.03650308	46.90562057	0.98262249	0.12031169986635346	0.00698054	0.00015
-0.3281	-0.1682	-0.4216	0.012402309664671707	-0.0019024088846738192	-0.009864600932271952	0.99809122	45.16734314	0.97198944	0.07211017612416676	0.00778061	0.00024
-0.3301	-0.0569	-0.3466	0.013545500324727991	-0.0018500490071139892	-0.010143853612591043	1.30418885	59.01940155	1.15780912	0.26204016089676024	0.0116211	0.00082
-0.3294	-0.236	-0.3587	0.014369295731669316	-0.002064724505109292	-0.010074040442511272	1.30440259	59.02907562	1.12575994	0.24731420375081992	0.0125543	0.00081
-0.3245	-0.4113	-0.4206	0.014353587768401366	-0.002124065699677099	-0.009791297103688189	1.37597966	62.26820374	1.19539313	0.259989624832942	0.0158963	0.00181
-0.3209	-0.2631	-0.4607	0.01387536755335492	-0.002331759880664424	-0.00946492053356525	1.1696527	52.93113708	1.0485518	0.24251454830783556	0.00983447	0.00014
-0.3222	-0.1136	-0.4931	0.01418603616020991	-0.0024155356847601517	-0.009649925434276646	1.18431628	53.59471893	1.04671656	0.21217246558310565	0.00771737	5e-05
-0.3276	-0.0564	-0.5144	0.014655529728996385	-0.0025761059759436306	-0.010005972601683491	1.03667748	46.913517	0.97343796	0.1332055513688399	0.00881618	0.0002
-0.3329	0.0191	-0.4948	0.01460491518068855	-0.0025726153174396417	-0.01027126264798663	1.05187607	47.60130692	0.98296783	0.11636976265574796	0.00967038	0.00011
-0.3216	0.0122	-0.5135	0.014753268167108069	-0.0023474678439323734	-0.010072295113259275	1.0101943	45.71505356	0.97157065	0.06552339973270693	0.0100451	9e-05
-0.3138	-0.0931	-0.5393	0.015170401858334712	-0.002258456052080662	-0.009871582249279927	1.08765078	49.22024918	1.00530676	0.1742429173528852	0.00827849	6e-05
-0.316	-0.111	-0.552	0.01539554933184198	-0.0022968532956245376	-0.010021680564951441	0.95605356	43.26498413	0.94414278	0.053482151636132944	0.00868016	0.00011
-0.3148	-0.1432	-0.5608	0.015578808903301385	-0.0023003439541285265	-0.010039133857471384	0.95172316	43.0690155	0.94063196	0.05241017612416668	0.00938082	6e-05
-0.3141	-0.1606	-0.5615	0.015437437233889843	-0.002363175807200322	-0.009953612724123661	0.95474499	43.20576477	0.94114909	0.033286232791553086	0.00920236	0.0001
-0.3184	-0.1369	-0.5127	0.015350170771290129	-0.0021991148575128553	-0.010173524209874947	0.97275639	44.02084732	0.96305911	0.10036194490192336	0.0087232	7e-05
-0.3184	-0.0782	-0.5092	0.015378096039322036	-0.002082177797629235	-0.010025171223455429	1.08379507	49.04576111	1.01608005	0.07686076571675234	0.00923687	8e-05
-0.3171	-0.2788	-0.5392	0.015550883635269476	-0.0022898719786165604	-0.010012953918691468	1.33061504	60.21528244	1.14737013	0.2515349540849363	0.01035	0.0001
-0.3123	-0.2441	-0.5454	0.015810937693816633	-0.0022776546738526	-0.010016444577195456	0.96991658	43.8923378	0.94664807	0.0594881010907552	0.00993228	0.0001
-0.318	-0.0935	-0.5034	0.015786503084288712	-0.0021642082724729686	-0.010103711039795172	1.20791459	54.66263199	1.0606282	0.20955737367536348	0.00894785	5e-05
-0.3149	-0.1188	-0.5352	0.015868533559132446	-0.002230530784048753	-0.010011208589439474	1.0107013	45.73799515	0.97028544	0.07224277183876089	0.00859725	3e-05
-0.3145	-0.1725	-0.5346	0.016090190374135723	-0.0022410027595607188	-0.010100220381291184	0.97884268	44.29627609	0.95094585	0.07075702911834773	0.00909859	6e-05
-0.3173	-0.0352	-0.5107	0.016081463727875753	-0.002165953601724963	-0.010135126966331072	1.18217719	53.49792099	1.04783701	0.1699341194567806	0.0101116	0.00012
-0.3139	-0.1587	-0.5485	0.016137314263939568	-0.002314306588144481	-0.010032152540463406	1.12372994	50.85296631	1.02243573	0.1800588974175499	0.00904512	6e-05
-0.3148	-0.1425	-0.55	0.016203636775515357	-0.0022951079663725434	-0.010156070917355002	0.94498456	42.7640686	0.92613918	0.029071975511966264	0.00954503	6e-05
-0.3208	-0.0545	-0.5123	0.016166984861223473	-0.0022218041377887812	-0.010274753306490617	1.08952272	49.30496216	0.9960919	0.143131906600563	0.00994521	9e-05
-0.3147	-0.1759	-0.5468	0.016327555152406952	-0.0022130774915288098	-0.010067059125503292	1.1091845	50.19472885	1.01188064	0.1808495559215388	0.00925267	4e-05
-0.302	-0.1998	-0.5726	0.01618618348299541	-0.0020420352248333657	-0.009780825128176223	0.97296035	44.03007889	0.94220171	0.09233239667170272	0.00965834	6e-05
-0.3095	-0.1593	-0.5539	0.016638223759261942	-0.0022078415037728267	-0.009976302004399588	1.02043617	46.17853546	0.96337999	0.10736617157146792	0.00986367	3e-05
-0.3127	-0.1021	-0.5283	0.016790067404185448	-0.0021275563581810873	-0.010122909661567111	1.04552996	47.31412125	0.98807463	0.10493682238413836	0.0101442	9e-05
-0.3046	-0.2376	-0.5552	0.01713738792533232	-0.002183406894244906	-0.009925687456091752	1.13121188	51.19154739	1.03152275	0.20051966313430264	0.0111657	0.00012
-0.3082	-0.1553	-0.5293	0.01704314014572463	-0.0021327923459370708	-0.009965830028887622	1.03306139	46.74987411	0.9737589	0.12105024503556992	0.010197	7e-05
-0.3154	-0.0745	-0.5167	0.01691224045182505	-0.002143264321449037	-0.010196213490150874	1.03529668	46.85102844	0.98828859	0.11918775653373972	0.0101706	3e-05
-0.3102	-0.2168	-0.5485	0.017165313193364232	-0.0022427480888127134	-0.010124654990819104	1.12248671	50.79670334	1.02288934	0.20050575041173127	0.0109156	8e-05
-0.3165	-0.1411	-0.5089	0.016819738001469353	-0.002209586833024821	-0.010182250856134918	1.04803455	47.42746735	0.98654577	0.14341661564992927	0.0113382	0.00013
-0.3003	-0.2934	-0.3671	0.015055210127703087	-0.0023230332344044524	-0.00965865208053662	2.7641077	125.08616638	1.87019227	0.43037865253720986	0.0343162	0.01896
-0.2173	-0.6742	-0.3142	0.014700908289548238	-0.0022636920398366456	-0.007244861725028462	2.49026108	112.69358826	1.76036956	0.6580716694115407	0.0545861	0.0399
-0.1596	-0.835	-0.2496	0.015219271077390554	-0.0002181661564992912	-0.006354743806511354	1.40365946	63.5208168	1.31582892	0.4558003294848388	0.0656741	0.06415
-0.2253	-1.0349	0.226	0.015810937693816633	-0.00231779724664847	-0.006373942428283292	2.81953144	127.59429932	2.57830753	0.8767248164173597	0.118979	0.16559
-0.2056	-1.1952	0.5055	0.016566665259930176	-0.002090904443889207	-0.00597775268808058	2.6132257	118.25819397	2.36950959	0.528440505453776	0.148571	0.2289
-0.2744	-0.8048	0.4881	0.014474015486788977	-0.002129301687433082	-0.007176793884200683	3.15313315	142.69100952	2.5413848	0.6431044106402589	0.109636	0.17243
-0.2638	-0.5472	0.2249	0.014234905379265752	-0.0019757127132575807	-0.00740543201621194	2.21556091	100.26237488	1.9407024	0.562466860685499	0.0690483	0.09179
-0.2216	-0.2901	0.2062	0.013795082407763181	-0.0023509585024363614	-0.006346017160251381	1.64806783	74.58120728	1.44209662	0.41172418083209544	0.0537041	0.05677
-0.2129	-0.2378	0.2407	0.01291543646475804	-0.0027401669256310974	-0.005900958200992828	1.12926638	51.103508	1.05452114	0.18119566627292155	0.0552028	0.05727
-0.2114	-0.1886	0.248	0.012316788531323983	-0.002935643801854462	-0.005750859885321316	1.06256437	48.08499146	1.02212327	0.10521115626644668	0.0551164	0.05509
-0.2133	-0.204	0.2551	0.012182398178920419	-0.0030508355324860886	-0.005729915934297383	1.01684213	46.01589203	0.98220082	0.037926301702956175	0.0564891	0.05677
-0.212	-0.2555	0.2457	0.0120654611190368	-0.003134611336581816	-0.005630432166933707	0.98880738	44.74721527	0.98088862	0.07720983156715107	0.0566071	0.05495
